Trial Number,Chart Type,User Answer,Question Answered Correctly,Result,Time Taken (seconds),USA_2000,USA_2004,USA_2008,USA_2012,USA_2016,USA_2020,China_2000,China_2004,China_2008,China_2012,China_2016,China_2020,UK_2000,UK_2004,UK_2008,UK_2012,UK_2016,UK_2020,Russia_2000,Russia_2004,Russia_2008,Russia_2012,Russia_2016,Russia_2020
1,line,,China,False,50.76810097694397,27,4,31,1,13,83,4,91,59,67,7,49,47,65,61,14,55,71,80,2,94,19,98,63
2,area,,Russia,False,-0.0466618537902832,53,27,56,30,48,47,39,38,44,18,64,56,34,53,74,17,72,13,30,17,53,68,50,91
3,line,,USA,False,-0.7464468479156494,91,83,53,78,0,13,57,76,3,70,3,84,79,10,87,60,3,48,52,43,36,5,71,38
4,area,,UK,False,-0.9479749202728271,86,94,98,42,84,95,76,33,58,42,22,0,55,98,19,53,68,62,50,68,35,23,9,48
5,line,,UK,False,-0.8424344062805176,21,25,54,6,37,58,39,94,51,30,66,24,55,17,45,89,45,35,16,12,86,82,67,92
6,area,,China,False,-0.8692572116851807,95,20,10,8,89,72,30,12,18,93,92,44,57,0,73,54,92,66,16,5,51,90,34,67
7,line,,Russia,False,4.901188850402832,94,78,54,77,84,1,14,33,20,40,24,93,58,28,82,82,7,94,2,63,2,87,17,90
